[{"@type":"mappingTemplate","id":"@1","name":"Mapping_RESTV2","description":"Testing adding comments to see if difference shows up in GitHub.","bundleVersion":"0","templateId":"@3","deployTime":1727213077000,"hasParameters":false,"valid":true,"fixedConnection":true,"hasParametersDeployed":false,"fixedConnectionDeployed":true,"isSchemaValidationEnabled":false,"tasks":0,"mappingPreviewFileRecordId":"@2","documentType":"MAPPING","references":[{"@type":"reference","refObjectId":"@lawaXPVZb0sdsIMQl0zik6","refType":"connection"},{"@type":"reference","refObjectId":"@67V5NmOyoBbdK9W6Ua246H","refType":"connection"}]}]